{"count":1,"self":12.005404799999999,"total":12.047552999999999,"children":{"InitializeActuators":{"count":1,"self":0.002522,"total":0.002522,"children":null},"InitializeSensors":{"count":1,"self":0.002391,"total":0.002391,"children":null},"AgentSendState":{"count":474,"self":0.0052699999999999995,"total":0.020797,"children":{"CollectObservations":{"count":95,"self":0.012034999999999999,"total":0.012034999999999999,"children":null},"WriteActionMask":{"count":95,"self":0.00056799999999999993,"total":0.00056799999999999993,"children":null},"RequestDecision":{"count":95,"self":0.002924,"total":0.002924,"children":null}}},"DecideAction":{"count":474,"self":0.0074059999999999994,"total":0.0074059999999999994,"children":null},"AgentAct":{"count":474,"self":0.0082449999999999989,"total":0.0082449999999999989,"children":null}},"gauges":{},"metadata":{"timer_format_version":"0.1.0","start_time_seconds":"1745330220","unity_version":"6000.0.37f1","command_line_arguments":"\/home\/albin\/Downloads\/6000.0.37f1\/Editor\/Unity -projectpath \/home\/albin\/mex\/unity\/new_smarc_forks\/SMARCUnityStandardRL -useHub -hubIPC -cloudEnvironment production","communication_protocol_version":"1.5.0","com.unity.ml-agents_version":"3.0.0","scene_name":"BrovReal2","end_time_seconds":"1745330232"}}