{"count":1,"self":19.0788688,"total":19.105173,"children":{"InitializeActuators":{"count":1,"self":0.001015,"total":0.001015,"children":null},"InitializeSensors":{"count":1,"self":0.000962,"total":0.000962,"children":null},"AgentSendState":{"count":907,"self":0.004481,"total":0.008401,"children":{"CollectObservations":{"count":182,"self":0.0019679999999999997,"total":0.0019679999999999997,"children":null},"WriteActionMask":{"count":182,"self":0.00043999999999999996,"total":0.00043999999999999996,"children":null},"RequestDecision":{"count":182,"self":0.0015119999999999999,"total":0.0015119999999999999,"children":null}}},"DecideAction":{"count":907,"self":0.0065629999999999994,"total":0.0065629999999999994,"children":null},"AgentAct":{"count":907,"self":0.0090029999999999989,"total":0.0090029999999999989,"children":null}},"gauges":{},"metadata":{"timer_format_version":"0.1.0","start_time_seconds":"1743581078","unity_version":"6000.0.37f1","command_line_arguments":"\/home\/albin\/Downloads\/6000.0.37f1\/Editor\/Unity -projectpath \/home\/albin\/mex\/unity\/new_smarc_forks\/SMARCUnityStandardRL -useHub -hubIPC -cloudEnvironment production","communication_protocol_version":"1.5.0","com.unity.ml-agents_version":"3.0.0","scene_name":"BrovTankRL","end_time_seconds":"1743581097"}}