{"count":1,"self":15.3494912,"total":15.403561999999999,"children":{"InitializeActuators":{"count":1,"self":0.003744,"total":0.003744,"children":null},"InitializeSensors":{"count":1,"self":0.002263,"total":0.002263,"children":null},"AgentSendState":{"count":684,"self":0.0073219999999999995,"total":0.024398,"children":{"CollectObservations":{"count":137,"self":0.013118999999999999,"total":0.013118999999999999,"children":null},"WriteActionMask":{"count":137,"self":0.00073799999999999994,"total":0.00073799999999999994,"children":null},"RequestDecision":{"count":137,"self":0.0032189999999999996,"total":0.0032189999999999996,"children":null}}},"DecideAction":{"count":684,"self":0.011167999999999999,"total":0.011167999999999999,"children":null},"AgentAct":{"count":684,"self":0.011685,"total":0.011685,"children":null}},"gauges":{},"metadata":{"timer_format_version":"0.1.0","start_time_seconds":"1745329470","unity_version":"6000.0.37f1","command_line_arguments":"\/home\/albin\/Downloads\/6000.0.37f1\/Editor\/Unity -projectpath \/home\/albin\/mex\/unity\/new_smarc_forks\/SMARCUnityStandardRL -useHub -hubIPC -cloudEnvironment production","communication_protocol_version":"1.5.0","com.unity.ml-agents_version":"3.0.0","scene_name":"BrovPrior2","end_time_seconds":"1745329485"}}