{"count":1,"self":38047.652249599996,"total":38047.669933,"children":{"InitializeActuators":{"count":1,"self":0.00088899999999999992,"total":0.00088899999999999992,"children":null},"InitializeSensors":{"count":1,"self":0.00082699999999999994,"total":0.00082699999999999994,"children":null},"AgentSendState":{"count":702,"self":0.0036999999999999997,"total":0.0067389999999999993,"children":{"CollectObservations":{"count":141,"self":0.0015199999999999999,"total":0.0015199999999999999,"children":null},"WriteActionMask":{"count":141,"self":0.00031299999999999996,"total":0.00031299999999999996,"children":null},"RequestDecision":{"count":141,"self":0.001206,"total":0.001206,"children":null}}},"DecideAction":{"count":702,"self":0.0045379999999999995,"total":0.0045379999999999995,"children":null},"AgentAct":{"count":702,"self":0.005548,"total":0.005548,"children":null}},"gauges":{},"metadata":{"timer_format_version":"0.1.0","start_time_seconds":"1744141116","unity_version":"6000.0.37f1","command_line_arguments":"\/home\/albin\/Downloads\/6000.0.37f1\/Editor\/Unity -projectpath \/home\/albin\/mex\/unity\/new_smarc_forks\/SMARCUnityStandardRL -useHub -hubIPC -cloudEnvironment production","communication_protocol_version":"1.5.0","com.unity.ml-agents_version":"3.0.0","scene_name":"KTHTank","end_time_seconds":"1744179163"}}