{"count":1,"self":1449.2840959999999,"total":1917.789935,"children":{"InitializeActuators":{"count":5,"self":0.0019,"total":0.0019,"children":null},"InitializeSensors":{"count":5,"self":0.00108,"total":0.00108,"children":null},"AgentSendState":{"count":743201,"self":2.340846,"total":9.7413069999999991,"children":{"CollectObservations":{"count":743205,"self":2.2564539999999997,"total":2.2564539999999997,"children":null},"WriteActionMask":{"count":743205,"self":0.307481,"total":0.307481,"children":null},"RequestDecision":{"count":743205,"self":1.236583,"total":4.836526,"children":{"AgentInfo.ToProto":{"count":743205,"self":1.125851,"total":3.5999429999999997,"children":{"GenerateSensorData":{"count":743205,"self":2.4740919999999997,"total":2.4740919999999997,"children":null}}}}}}},"DecideAction":{"count":743201,"self":454.1682176,"total":454.16821699999997,"children":null},"AgentAct":{"count":743201,"self":4.5380959999999995,"total":4.5380959999999995,"children":null},"AgentInfo.ToProto":{"count":5254,"self":0.021939999999999998,"total":0.054833,"children":{"GenerateSensorData":{"count":5254,"self":0.032893,"total":0.032893,"children":null}}}},"gauges":{"Brov.CumulativeReward":{"count":5254,"max":45.2759666,"min":-24.27624,"runningAverage":3.09130788,"value":15.5471878,"weightedAverage":14.86483}},"metadata":{"timer_format_version":"0.1.0","start_time_seconds":"1745351339","unity_version":"6000.0.37f1","command_line_arguments":"\/home\/albin\/Downloads\/6000.0.37f1\/Editor\/Unity -projectpath \/home\/albin\/mex\/unity\/new_smarc_forks\/SMARCUnityStandardRL -useHub -hubIPC -cloudEnvironment production","communication_protocol_version":"1.5.0","com.unity.ml-agents_version":"3.0.0","scene_name":"TankRL","end_time_seconds":"1745353257"}}