{"count":1,"self":10.216032799999999,"total":10.238785,"children":{"InitializeActuators":{"count":1,"self":0.00080499999999999994,"total":0.00080499999999999994,"children":null},"InitializeSensors":{"count":1,"self":0.00073799999999999994,"total":0.00073799999999999994,"children":null},"AgentSendState":{"count":444,"self":0.0033729999999999997,"total":0.010081999999999999,"children":{"CollectObservations":{"count":89,"self":0.005121,"total":0.005121,"children":null},"WriteActionMask":{"count":89,"self":0.00034199999999999996,"total":0.00034199999999999996,"children":null},"RequestDecision":{"count":89,"self":0.001246,"total":0.001246,"children":null}}},"DecideAction":{"count":444,"self":0.0049499999999999995,"total":0.0049499999999999995,"children":null},"AgentAct":{"count":444,"self":0.00549,"total":0.00549,"children":null}},"gauges":{},"metadata":{"timer_format_version":"0.1.0","start_time_seconds":"1748109328","unity_version":"6000.0.37f1","command_line_arguments":"\/home\/albin\/Downloads\/6000.0.37f1\/Editor\/Unity -projectpath \/home\/albin\/mex\/unity\/new_smarc_forks\/SMARCUnityStandardRL -useHub -hubIPC -cloudEnvironment production","communication_protocol_version":"1.5.0","com.unity.ml-agents_version":"3.0.0","scene_name":"TankBrov","end_time_seconds":"1748109338"}}