{"count":1,"self":12.7189584,"total":12.776088999999999,"children":{"InitializeActuators":{"count":5,"self":0.0016409999999999999,"total":0.0016409999999999999,"children":null},"InitializeSensors":{"count":5,"self":0.00089799999999999993,"total":0.00089799999999999993,"children":null},"AgentSendState":{"count":578,"self":0.0028209999999999997,"total":0.0081029999999999991,"children":{"CollectObservations":{"count":580,"self":0.0034779999999999998,"total":0.0034779999999999998,"children":null},"WriteActionMask":{"count":580,"self":0.0005,"total":0.0005,"children":null},"RequestDecision":{"count":580,"self":0.001304,"total":0.001304,"children":null}}},"DecideAction":{"count":578,"self":0.004288,"total":0.004288,"children":null},"AgentAct":{"count":578,"self":0.041860999999999995,"total":0.041860999999999995,"children":null}},"gauges":{},"metadata":{"timer_format_version":"0.1.0","start_time_seconds":"1745515449","unity_version":"6000.0.37f1","command_line_arguments":"\/home\/albin\/Downloads\/6000.0.37f1\/Editor\/Unity -projectpath \/home\/albin\/mex\/unity\/new_smarc_forks\/SMARCUnityStandardRL -useHub -hubIPC -cloudEnvironment production","communication_protocol_version":"1.5.0","com.unity.ml-agents_version":"3.0.0","scene_name":"TankRL","end_time_seconds":"1745515461"}}