{"count":1,"self":18.9388176,"total":19.132427,"children":{"InitializeActuators":{"count":2,"self":0.00095599999999999993,"total":0.00095599999999999993,"children":null},"InitializeSensors":{"count":2,"self":0.00082199999999999992,"total":0.00082199999999999992,"children":null},"AgentSendState":{"count":808,"self":0.0038009999999999997,"total":0.01763,"children":{"CollectObservations":{"count":324,"self":0.005519,"total":0.005519,"children":null},"WriteActionMask":{"count":324,"self":0.00046899999999999996,"total":0.00046899999999999996,"children":null},"RequestDecision":{"count":324,"self":0.007840999999999999,"total":0.007840999999999999,"children":null}}},"DecideAction":{"count":808,"self":0.084525,"total":0.084525,"children":null},"AgentAct":{"count":808,"self":0.089404,"total":0.089404,"children":null}},"gauges":{"Brov.CumulativeReward":{"count":10,"max":103.308212,"min":-9.599809,"runningAverage":21.0668583,"value":15.174901,"weightedAverage":20.4001179}},"metadata":{"timer_format_version":"0.1.0","start_time_seconds":"1749985697","unity_version":"6000.0.37f1","command_line_arguments":"\/home\/albin\/Downloads\/6000.0.37f1\/Editor\/Unity -projectpath \/home\/albin\/mex\/unity\/new_smarc_forks\/SMARCUnityStandardRL -useHub -hubIPC -cloudEnvironment production","communication_protocol_version":"1.5.0","com.unity.ml-agents_version":"3.0.0","scene_name":"TankRL","end_time_seconds":"1749985716"}}